{"accuracy": 0.6571428571428571, "specificity": 0.375, "sensitivity": 0.7078651685393258}